{"PH_58": 6.448, "TEMP_WASSER_58": 12.048000000000002, "Water Level": 3.2560000000000002, "Tr\u00fcbung Zulauf": 500.27200000000005}